Workbook

Sheet Generation_Data
A1: Public Electricity Generation Input — Policy Model Replacement
A3: Source category | B3: 2021 (GWh) | C3: 2022 (GWh) | D3: 2023 (GWh) | E3: Emission factor (t/MWh) | F3: Policy relevance | G3: Source
A4: Coal | B4: 899000 | C4: 828000 | D4: 675000 | E4: 1 | F4: Displaced high-emission generation | G4: https://www.eia.gov/electricity/annual/html/epa_03_01_a.html
A5: Natural gas | B5: 1485000 | C5: 1687000 | D5: 1802000 | E5: 0.4 | F5: Residual thermal generation | G5: https://www.eia.gov/electricity/annual/html/epa_03_01_a.html
A6: Wind | B6: 380000 | C6: 435000 | D6: 425000 | E6: 0 | F6: Zero-emission substitution | G6: https://www.eia.gov/electricity/annual/html/epa_03_01_a.html
A7: Solar | B7: 115000 | C7: 145000 | D7: 238000 | E7: 0 | F7: Zero-emission substitution | G7: https://www.eia.gov/electricity/annual/html/epa_03_01_a.html
A8: Demand | B8: 3980000 | C8: 4080000 | D8: 4000000 | F8: Scenario denominator | G8: https://www.eia.gov/electricity/annual/html/epa_03_01_a.html

Sheet Policy_Assumptions
A1: Policy Scenario Assumptions
A3: Assumption | B3: Base | C3: Policy case | D3: Interpretation
A4: Coal displacement share | B4: 0 | C4: 0.08 | D4: Fraction of coal generation displaced
A5: Wind uplift share | B5: 0 | C5: 0.05 | D5: Growth relative to 2023 wind generation
A6: Solar uplift share | B6: 0 | C6: 0.12 | D6: Growth relative to 2023 solar generation
A7: Grid demand growth | B7: 0 | C7: 0.01 | D7: Base uses supplied demand; policy applies demand growth
A8: Gas balancing factor | B8: 1 | C8: 1 | D8: Residual demand allocation

Sheet Scenario_Model
A1: Policy Scenario Dependency Model
A3: Metric | B3: Base case | C3: Policy case | D3: Delta | E3: Unit | F3: Dependency
A4: Forecast demand | B4: ='Generation_Data'!D8*(1+'Policy_Assumptions'!B7) | C4: ='Generation_Data'!D8*(1+'Policy_Assumptions'!C7) | D4: =C4-B4 | E4: GWh | F4: Supplied demand × case growth
A5: Coal generation | B5: ='Generation_Data'!D4*(1-'Policy_Assumptions'!B4) | C5: ='Generation_Data'!D4*(1-'Policy_Assumptions'!C4) | D5: =C5-B5 | E5: GWh | F5: Supplied coal × displacement
A6: Wind generation | B6: ='Generation_Data'!D6*(1+'Policy_Assumptions'!B5) | C6: ='Generation_Data'!D6*(1+'Policy_Assumptions'!C5) | D6: =C6-B6 | E6: GWh | F6: Supplied wind × uplift
A7: Solar generation | B7: ='Generation_Data'!D7*(1+'Policy_Assumptions'!B6) | C7: ='Generation_Data'!D7*(1+'Policy_Assumptions'!C6) | D7: =C7-B7 | E7: GWh | F7: Supplied solar × uplift
A8: Natural gas balancing generation | B8: ='Generation_Data'!D5 | C8: =C4-C5-C6-C7 | D8: =C8-B8 | E8: GWh | F8: Historical gas plus the remaining policy change
A9: Other generation | B9: =B4-B5-B6-B7-B8 | C9: =B9 | D9: =C9-B9 | E9: GWh | F9: Demand residual in base; held constant in policy
A10: Emissions | B10: =(B5*'Generation_Data'!E4+B8*'Generation_Data'!E5)*1000 | C10: =(C5*'Generation_Data'!E4+C8*'Generation_Data'!E5)*1000 | D10: =C10-B10 | E10: tCO₂ | F10: (Coal + gas factors) × 1,000 MWh/GWh
A11: Emissions intensity | B11: =B10/(B4*1000) | C11: =C10/(C4*1000) | D11: =C11-B11 | E11: tCO₂/MWh | F11: Emissions / (demand × 1,000)

Sheet Policy_Results
A1: Policy Decision Results
A3: Result | B3: Value | C3: Decision relevance | D3: Evidence
A4: Emissions reduction | B4: ='Scenario_Model'!B10-'Scenario_Model'!C10 | C4: Policy-case emissions delta | D4: Scenario_Model
A5: Intensity change | B5: ='Scenario_Model'!B11-'Scenario_Model'!C11 | C5: Decarbonization indicator | D5: Scenario_Model
A6: Gas balancing change | B6: ='Scenario_Model'!C8-'Scenario_Model'!B8 | C6: Reliability trade-off | D6: Scenario_Model
A7: Recommendation | B7: =IF(B4>0,"Policy case reduces modeled emissions","Review scenario dependencies") | C7: Decision support | D7: Benchmark-authored policy framing

Sheet Checks
A1: Policy Model Checks
A3: Check | B3: Actual | C3: Expected | D3: Status | E3: Notes
A4: Demand balance | B4: ='Scenario_Model'!C4-SUM('Scenario_Model'!C5:C9) | C4: 0 | D4: =IF(ABS(B4)<0.1,"PASS","CHECK") | E4: Demand equals coal + gas + wind + solar + Other
A5: Policy coal reduction | B5: ='Scenario_Model'!C5-'Scenario_Model'!B5 | D5: =IF(B5<0,"PASS","CHECK") | E5: Policy case should lower coal
A6: Emissions link | B6: ='Scenario_Model'!C10-(('Scenario_Model'!C5*'Generation_Data'!E4+'Scenario_Model'!C8*'Generation_Data'!E5)*1000) | C6: 0 | D6: =IF(ABS(B6)<0.1,"PASS","CHECK") | E6: Emissions convert GWh to MWh before applying factors
A7: Protected historical data | E7: Generation data must not be changed
