Workbook

Sheet Ledger
A1: General Ledger Extract
A3: Journal ID | B3: Transaction date | C3: Invoice | D3: Currency | E3: Original amount
A4: LG-100X | B4: 2024-06-28 | C4: INV-100 | D4: GBP | E4: 1000
A5: LG-101 | B5: 2024-06-30 | C5: INV-101 | D5: EUR | E5: 2000
A6: LG-102 | B6: 2024-07-02 | C6: INV-102 | D6: USD | E6: 500
A7: LG-105 | B7: 2024-06-30 | C7: INV-105 | D7: USD | E7: 250
A8: LG-106 | B8: 2024-06-29 | C8: INV-106 | D8: EUR | E8: 100

Sheet Subledger
A1: Counterparty Subledger Extract
A3: Record ID | B3: Transaction date | C3: Invoice | D3: Currency | E3: Original amount
A4: SL-100 | B4: 2024-06-28 | C4: INV-100 | D4: GBP | E4: 1000
A5: SL-101 | B5: 2024-06-30 | C5: INV-101 | D5: EUR | E5: 2000
A6: SL-102 | B6: 2024-07-02 | C6: INV-102 | D6: USD | E6: 500
A7: SL-103 | B7: 2024-06-30 | C7: INV-103 | D7: USD | E7: 720
A8: SL-105 | B8: 2024-06-30 | C8: INV-105 | D8: USD | E8: 300

Sheet FX_Rates
A1: Transaction-date FX Rates
A3: Date | B3: Currency | C3: USD per unit | D3: Authority
A4: 2024-06-28 | B4: GBP | C4: 1.25 | D4: Policy rate table
A5: 2024-06-29 | B5: EUR | C5: 1.06 | D5: Policy rate table
A6: 2024-06-30 | B6: EUR | C6: 1.07 | D6: Policy rate table

Sheet Adjustment_Evidence
A1: Approved Reconciliation Adjustment
A3: Adjustment ID | B3: Invoice | C3: Amount USD | D3: Reason | E3: Treatment
A4: ADJ-105 | B4: INV-105 | C4: -50 | D4: Approved timing adjustment from $300 subledger to $250 ledger | E4: Apply before tolerance match

Sheet Normalized_Records
A1: Normalized Reconciliation Records
A3: Source | B3: Record ID | C3: Invoice | D3: Date | E3: Currency | F3: Original | G3: FX rate | H3: USD normalized | I3: Reference
A4: Ledger | B4: LG-100 | C4: INV-100 | D4: 2024-06-28 | E4: GBP | F4: ='Ledger'!E4 | G4: ='FX_Rates'!C4 | H4: =F4*G4 | I4: Transaction-date rate
A5: Ledger | B5: LG-101 | C5: INV-101 | D5: 2024-06-30 | E5: EUR | F5: ='Ledger'!E5 | G5: ='FX_Rates'!C6 | H5: =F5*G5 | I5: Transaction-date rate
A6: Ledger | B6: LG-102 | C6: INV-102 | D6: 2024-07-02 | E6: USD | F6: ='Ledger'!E6 | G6: =1 | H6: =F6*G6 | I6: USD base
A7: Ledger | B7: LG-105 | C7: INV-105 | D7: 2024-06-30 | E7: USD | F7: ='Ledger'!E7 | G7: =1 | H7: =F7*G7 | I7: USD base
A8: Ledger | B8: LG-106 | C8: INV-106 | D8: 2024-06-29 | E8: EUR | F8: ='Ledger'!E8 | G8: ='FX_Rates'!C5 | H8: =F8*G8 | I8: Transaction-date rate
A9: Subledger | B9: SL-100 | C9: INV-100 | D9: 2024-06-28 | E9: GBP | F9: ='Subledger'!E4 | G9: ='FX_Rates'!C4 | H9: =F9*G9 | I9: Transaction-date rate
A10: Subledger | B10: SL-101 | C10: INV-101 | D10: 2024-06-30 | E10: EUR | F10: ='Subledger'!E5 | G10: ='FX_Rates'!C6 | H10: =F10*G10 | I10: Transaction-date rate
A11: Subledger | B11: SL-102 | C11: INV-102 | D11: 2024-07-02 | E11: USD | F11: ='Subledger'!E6 | G11: =1 | H11: =F11*G11 | I11: USD base
A12: Subledger | B12: SL-103 | C12: INV-103 | D12: 2024-06-30 | E12: USD | F12: ='Subledger'!E7 | G12: =1 | H12: =F12*G12 | I12: USD base
A13: Subledger | B13: SL-105 | C13: INV-105 | D13: 2024-06-30 | E13: USD | F13: ='Subledger'!E8 | G13: =1 | H13: =F13*G13 | I13: USD base

Sheet Matched_Items
A1: Matched Reconciliation Items
A3: Invoice | B3: Ledger USD | C3: Subledger USD | D3: Adjustment USD | E3: Adjusted subledger | F3: Difference | G3: Status | H3: Evidence
A4: INV-100 | B4: ='Normalized_Records'!H4 | C4: ='Normalized_Records'!H9 | D4: =0 | E4: =C4+D4 | F4: =B4-E4 | G4: =IF(ABS(F4)<=1,"MATCHED","OUT_OF_TOLERANCE") | H4: Exact invoice / date / currency
A5: INV-101 | B5: ='Normalized_Records'!H5 | C5: ='Normalized_Records'!H10 | D5: =0 | E5: =C5+D5 | F5: =B5-E5 | G5: =IF(ABS(F5)<=1,"MATCHED","OUT_OF_TOLERANCE") | H5: Exact invoice / date / currency
A6: INV-102 | B6: ='Normalized_Records'!H6 | C6: ='Normalized_Records'!H11 | D6: =0 | E6: =C6+D6 | F6: =B6-E6 | G6: =IF(ABS(F6)<=1,"MATCHED","OUT_OF_TOLERANCE") | H6: Exact invoice / date / currency
A7: INV-103 | B7: ='Normalized_Records'!H7 | C7: ='Normalized_Records'!H13 | D7: ='Adjustment_Evidence'!C4 | E7: =C7+D7 | F7: =B7-E7 | G7: =IF(ABS(F7)<=1,"MATCHED","OUT_OF_TOLERANCE") | H7: ADJ-105 applied

Sheet Unmatched_Items
A1: Unmatched Items Requiring Investigation
A3: Invoice | B3: Source | C3: USD amount | D3: Reason | E3: Disposition | F3: Evidence
A4: INV-103 | B4: Subledger | C4: ='Normalized_Records'!H12 | D4: No ledger record | E4: Retain as subledger exception | F4: SL-103
A5: INV-106 | B5: Ledger | C5: ='Normalized_Records'!H8 | D5: No subledger record | E5: Retain as ledger exception | F5: LG-106

Sheet Variance_Bridge
A1: Reconciliation Variance Bridge
A3: Bridge item | B3: Amount USD | C3: Meaning | D3: Evidence
A4: Ledger total | B4: =SUM('Normalized_Records'!H4:H8) | C4: All ledger records | D4: Normalized_Records
A5: Adjusted matched subledger | B5: =SUM('Matched_Items'!E4:E7) | C5: Matched after approved adjustment | D5: Matched_Items
A6: Ledger-only exception | B6: =IF('Unmatched_Items'!B4="Ledger",'Unmatched_Items'!C4,0)+IF('Unmatched_Items'!B5="Ledger",'Unmatched_Items'!C5,0) | C6: Unmatched ledger amount | D6: Unmatched_Items
A7: Subledger-only exception | B7: =IF('Unmatched_Items'!B4="Subledger",'Unmatched_Items'!C4,0)+IF('Unmatched_Items'!B5="Subledger",'Unmatched_Items'!C5,0) | C7: Unmatched subledger amount | D7: Unmatched_Items
A8: Net investigation difference | B8: =B7-B6 | C8: Subledger-only minus ledger-only | D8: Unmatched_Items

Sheet Final_Reconciliation
A1: June Reconciliation Decision Sheet
A3: Metric | B3: Value | C3: Decision | D3: Evidence
A4: Matched invoices | B4: =IF('Matched_Items'!G4="MATCHED",1,0)+IF('Matched_Items'!G5="MATCHED",1,0)+IF('Matched_Items'!G6="MATCHED",1,0)+IF('Matched_Items'!G7="MATCHED",1,0) | C4: Four records reconciled within $1 policy tolerance | D4: Matched_Items
A5: Ledger-only exceptions | B5: ='Variance_Bridge'!B6 | C5: Retain for investigation | D5: Unmatched_Items
A6: Subledger-only exceptions | B6: ='Variance_Bridge'!B7 | C6: Retain for investigation | D6: Unmatched_Items
A7: Investigation amount | B7: ='Variance_Bridge'!B8 | C7: Resolve before close | D7: Variance_Bridge

Sheet Checks
A1: Reconciliation Integrity Checks
A3: Check | B3: Value | C3: Expected | D3: Interpretation
A4: Matched item differences | B4: =SUM('Matched_Items'!F4:F7) | C4: 0 | D4: Each adjusted match closes
A5: Unmatched exception count | B5: =IF('Unmatched_Items'!A4<>"",1,0)+IF('Unmatched_Items'!A5<>"",1,0) | C5: 2 | D5: Exceptions preserved
A6: FX date sensitivity | B6: ='Final_Reconciliation'!B6-'Final_Reconciliation'!B5-'Final_Reconciliation'!B7 | C6: 2140 | D6: INV-101 uses 30 June EUR rate
