Workbook

Sheet Inputs
A1: Cooling-Water Pump Design Brief
A3: Input | B3: Value | C3: Unit
A4: Design flow | B4: 42 | C4: L/s
A5: Static head | B5: 18 | C5: m
A6: Pipe length | B6: 140 | C6: m
A7: Pipe inside diameter | B7: 150 | C7: mm
A8: Darcy friction factor | B8: 0.02 | C8: dimensionless
A9: Pump efficiency | B9: 0.72 | C9: fraction
A10: Safety factor | B10: 0.15 | C10: fraction
A11: Fluid density | B11: 998 | C11: kg/m³
A12: Gravity | B12: 9.81 | C12: m/s²

Sheet Unit_Conversions
A1: Unit Conversions
A3: Quantity | B3: Source value | C3: Converted value | D3: Unit
A4: Flow | B4: ='Inputs'!B4 | C4: =B4/1000 | D4: m³/s
A5: Pipe diameter | B5: ='Inputs'!B7 | C5: =B5/1000 | D5: m
A6: Cross-sectional area | C6: =PI()*C5^2/4 | D6: m²

Sheet Calculations
A1: Hydraulic Calculations
A3: Calculation | B3: Value | C3: Unit | D3: Formula logic
A4: Fluid velocity | B4: ='Unit_Conversions'!C4/'Unit_Conversions'!C6 | C4: m/s | D4: Q / area
A5: Velocity head | B5: =B4^2/(2*'Inputs'!B12) | C5: m | D5: v² / 2g
A6: Friction head | B6: ='Inputs'!B8*('Inputs'!B6/'Unit_Conversions'!C5)*B5 | C6: m | D6: f × L/D × velocity head
A7: Total dynamic head | B7: =('Inputs'!B5+B6)*(1+'Inputs'!B10) | C7: m | D7: (static + friction) × safety
A8: Hydraulic power | B8: ='Inputs'!B11*'Inputs'!B12*'Unit_Conversions'!C4*B7/1000 | C8: kW | D8: ρgQH / 1000
A9: Required shaft power | B9: =B8/'Inputs'!B9 | C9: kW | D9: hydraulic power / efficiency
A10: Minimum required flow | B10: =48.3 | C10: L/s | D10: design flow × safety
A11: Minimum motor rating | B11: =B9*(1+'Inputs'!B10) | C11: kW | D11: shaft power × safety

Sheet Equipment_Selection
A1: Pump Catalog and Eligibility
A3: Pump | B3: Max flow (L/s) | C3: Max head (m) | D3: Motor (kW) | E3: Eligibility | F3: Reason
A4: P-120 | B4: 45 | C4: 25 | D4: 11 | E4: =IF(AND(B4>='Calculations'!B10,C4>='Calculations'!B7,D4>='Calculations'!B11),"Eligible","Ineligible") | F4: =IF(E4="Eligible","Meets flow, head, and motor requirements","Fails at least one constraint")
A5: P-180 | B5: 58 | C5: 36 | D5: 18.5 | E5: =IF(AND(B5>='Calculations'!B10,C5>='Calculations'!B7,D5>='Calculations'!B11),"Eligible","Ineligible") | F5: =IF(E5="Eligible","Meets flow, head, and motor requirements","Fails at least one constraint")
A6: P-250 | B6: 80 | C6: 48 | D6: 30 | E6: =IF(AND(B6>='Calculations'!B10,C6>='Calculations'!B7,D6>='Calculations'!B11),"Eligible","Ineligible") | F6: =IF(E6="Eligible","Meets flow, head, and motor requirements","Fails at least one constraint")
A7: Selected pump | B7: =IF(E4="Eligible",A4,IF(E5="Eligible",A5,IF(E6="Eligible",A6,"No eligible pump")))
A8: Selection check | B8: =IF(B7="No eligible pump","FAIL","PASS")

Sheet Checks
A1: Sizing Checks
A3: Check | B3: Actual | C3: Expected | D3: Status | E3: Notes
A4: Conversion: L/s to m³/s | B4: ='Unit_Conversions'!C4 | C4: 0.042 | D4: =IF(ABS(B4-C4)<0.0001,"PASS","CHECK") | E4: Design flow / 1000
A5: Head safety factor applied | B5: ='Calculations'!B7-('Inputs'!B5+'Calculations'!B6) | D5: =IF(B5>0,"PASS","CHECK") | E5: TDH must exceed static + friction
A6: Selected pump eligible | B6: ='Equipment_Selection'!B8 | C6: PASS | D6: =IF(B6=C6,"PASS","CHECK") | E6: Catalog constraints
A7: Units preserved | E7: No input unit edits
